03-03-16;1413,42;739815671.39
02-03-16;1406,30;737217740.92
01-03-16;1406,79;740237753.88
29-02-16;1407,56;744222494.41
26-02-16;1438,26;770254341.45
25-02-16;1425,84;769829838.22
24-02-16;1414,87;776193783.88
20-02-16;1431,02;791474258.28
19-02-16;1430,06;794598859.40
18-02-16;1421,45;798190599.65
17-02-16;1400,14;790305342.20
16-02-16;1430,75;803549992.51
15-02-16;1389,78;790252222.01
12-02-16;1414,74;795624875.05
11-02-16;1409,55;796054445.79
10-02-16;1409,53;797950667.99
09-02-16;1430,60;812354317.56
08-02-16;1409,08;802602196.77
05-02-16;1407,63;828152576.03
04-02-16;1423,99;823285040.05
03-02-16;1418,97;837716434.91
02-02-16;1467,62;880972833.24
01-02-16;1447,44;911066750.93
29-01-16;1412,07;931044319.65
28-01-16;1396,36;896366901.08
27-01-16;1411,73;906753892.40
26-01-16;1439,40;918682002.93
25-01-16;1452,13;940896814.64
22-01-16;1436,90;966698865.22
21-01-16;1491,56;1004555222.68
20-01-16;1465,12;996952747.90
19-01-16;1428,87;1032832945.70
18-01-16;1441,70;1091834074.03
15-01-16;1411,33;1054169386.59
14-01-16;1412,40;1028608284.76
13-01-16;1401,78;1020774409.03
12-01-16;1445,33;1055767756.64
11-01-16;1417,70;1042804416.94
31-12-15;1446,34;1062082652.72
30-12-15;1449,15;1062209062.68
29-12-15;1401,38;968043564.41
28-12-15;1393,82;972446435.46
25-12-15;1378,80;956511566.54
24-12-15;1410,65;986405238.53
23-12-15;1396,98;990173014.69
22-12-15;1386,93;986099436.07
21-12-15;1376,87;971741775.06
18-12-15;1395,81;979821109.72
17-12-15;1414,25;992194540.20
16-12-15;1401,90;984450298.67
15-12-15;1375,89;983921109.96
14-12-15;1348,83;960102300.06
11-12-15;1375,67;962426907.61
10-12-15;1371,79;938571147.50
09-12-15;1385,24;958849613.48
08-12-15;1378,06;960621746.14
07-12-15;1370,16;950468233.67
04-12-15;1345,72;928589916.36
03-12-15;1344,45;932041639.76
02-12-15;1348,52;931044497.81
01-12-15;1345,50;927038667.66
30-11-15;1340,99;922681026.50
27-11-15;1328,47;911344857.90
26-11-15;1324,36;908933401.69
25-11-15;1327,80;911077493.20
24-11-15;1325,66;916286205.85
23-11-15;1312,67;910225288.96
20-11-15;1308,59;909563287.81
19-11-15;1306,87;906071496.71
18-11-15;1300,39;890266588.01
17-11-15;1321,58;911738288.00
16-11-15;1305,09;893167372.15
13-11-15;1297,18;888533134.13
12-11-15;1297,46;883400862.83
11-11-15;1299,10;886567047.77
10-11-15;1301,69;894149377.41
09-11-15;1294,15;890421172.19
06-11-15;1289,26;885501370.41
05-11-15;1294,05;893591310.98
03-11-15;1293,32;890819372.82
02-11-15;1289,69;888574515.14
30-10-15;1291,41;892742037.24
29-10-15;1315,57;916673075.29
28-10-15;1264,48;878795194.05
27-10-15;1247,00;867294140.44
26-10-15;1238,60;860969108.98
23-10-15;1242,43;863013330.60
22-10-15;1218,67;846788449.47
21-10-15;1217,18;847021905.74
20-10-15;1204,84;830062500.83
19-10-15;1202,67;829084177.02
16-10-15;1214,80;840737846.67
15-10-15;1213,45;839786609.74
14-10-15;1201,97;831336276.97
13-10-15;1188,88;824316374.78
12-10-15;1190,54;829088630.70
09-10-15;1209,51;847338358.08
08-10-15;1206,74;842500351.35
07-10-15;1242,59;868352951.80
06-10-15;1257,27;880838839.52
05-10-15;1241,14;878647670.26
02-10-15;1206,20;854389652.96
01-10-15;1216,21;863656802.72
30-09-15;1203,06;854845268.62
29-09-15;1189,84;846676992.13
28-09-15;1223,09;886260892.65
25-09-15;1239,44;899875070.32
24-09-15;1235,11;896117157.71
23-09-15;1239,72;904729472.11
22-09-15;1255,33;918122773.90
21-09-15;1239,00;907686173.79
18-09-15;1261,81;949083464.08
17-09-15;1275,60;961224325.19
16-09-15;1288,24;964972255.66
15-09-15;1287,51;958670809.57
14-09-15;1293,45;960466047.87
11-09-15;1297,28;980289417.50
10-09-15;1273,60;966464637.42
09-09-15;1312,94;1000203326.76
08-09-15;1275,72;966817016.59
07-09-15;1260,78;965333992.89
04-09-15;1267,97;980298245.00
03-09-15;1257,31;986833790.77
02-09-15;1208,57;954437521.25
01-09-15;1272,64;1028074234.82
31-08-15;1278,50;1005185446.90
28-08-15;1297,57;1019418708.47
27-08-15;1301,44;1040497778.83
26-08-15;1263,96;1030787292.80
25-08-15;1294,08;1067448521.40
24-08-15;1301,04;1037540303.91
21-08-15;1318,70;1039341601.22
20-08-15;1322,00;1032089471.20
19-08-15;1334,24;1050437494.70
18-08-15;1330,28;1068066578.84
17-08-15;1312,68;1024861605.05
14-08-15;1288,78;999982641.86
13-08-15;1310,88;1031624552.85
12-08-15;1273,76;1007301309.71
11-08-15;1305,72;1034297801.91
10-08-15;1277,42;968790116.78
07-08-15;1280,26;964380576.51
06-08-15;1268,20;943038509.91
05-08-15;1268,14;923537609.40
04-08-15;1261,40;911077058.41
03-08-15;1221,93;879494233.86
31-07-15;1199,25;856024881.80
30-07-15;1212,84;865330660.40
29-07-15;1213,77;897128248.54
28-07-15;1174,85;864357280.29
27-07-15;1167,69;861146490.33
24-07-15;1166,51;853142710.22
23-07-15;1166,44;855480109.47
22-07-15;1168,08;856527945.20
21-07-15;1169,16;860177130.58
20-07-15;1168,82;831026209.46
17-07-15;1170,28;861385420.27
16-07-15;1155,71;825261481.03
15-07-15;1162,52;873264489.90
14-07-15;1150,38;892301728.64
13-07-15;1140,23;860265454.10
10-07-15;1133,26;875780240.26
09-07-15;1135,86;864916657.88
08-07-15;1154,47;882882122.20
07-07-15;1132,29;853855595.96
06-07-15;1119,85;833583170.24
03-07-15;1120,69;870735406.90
02-07-15;1118,34;829457247.18
01-07-15;1116,87;854085792.40
30-06-15;1108,72;845981069.34
29-06-15;1117,58;831870232.13
26-06-15;1113,98;829415641.18
25-06-15;1106,37;829462726.08
24-06-15;1117,56;862085858.25
23-06-15;1103,49;850303249.98
22-06-15;1102,94;852627547.59
19-06-15;1103,64;848722205.83
18-06-15;1104,07;859310839.07
17-06-15;1105,21;863464306.98
16-06-15;1123,60;876832427.88
15-06-15;1114,42;836673023.05
11-06-15;1125,29;854780670.03
10-06-15;1134,20;830173102.59
09-06-15;1136,97;856890310.26
08-06-15;1147,36;849683238.45
05-06-15;1125,13;812919138.61
04-06-15;1095,72;756716695.92
03-06-15;1100,88;756354233.27
02-06-15;1088,94;747479368.86
01-06-15;1090,07;747090138.65
29-05-15;1083,37;729501256.79
28-05-15;1057,97;710254298.18
27-05-15;1033,95;694877447.17
26-05-15;1035,68;694904705.72
25-05-15;1034,21;695762022.06
22-05-15;1039,65;713852601.97
21-05-15;1034,03;711370763.49
20-05-15;1022,05;696386405.61
19-05-15;1023,28;701145695.16
18-05-15;1036,64;710099644.51
15-05-15;1037,30;722017212.04
14-05-15;1016,05;710246239.10
13-05-15;1043,53;737168147.51
12-05-15;1041,58;733679607.29
08-05-15;1022,31;716018139.32
07-05-15;1010,85;721285180.58
06-05-15;1051,86;763613598.19
05-05-15;1051,65;750285588.98
30-04-15;1059,46;748966314.74
29-04-15;1076,66;779333153.96
28-04-15;1056,24;761885210.87
27-04-15;1038,22;743348339.57
24-04-15;1063,81;803720294.52
23-04-15;1101,69;797829410.01
22-04-15;1102,65;798938485.86
21-04-15;1054,80;748413286.86
20-04-15;1025,32;727903112.77
17-04-15;1019,88;725289651.16
16-04-15;1037,33;767514874.10
15-04-15;1064,04;788010349.02
14-04-15;1071,49;878996597.92
13-04-15;1051,26;730407167.41
10-04-15;1077,26;764545468.56
09-04-15;1102,86;792666946.82
08-04-15;1127,71;822530079.59
07-04-15;1160,26;880270222.14
06-04-15;1157,30;884897451.01
03-04-15;1156,54;900250457.29
02-04-15;1183,98;956389099.89
01-04-15;1172,80;919151808.29
31-03-15;1203,84;1154976236.46
30-03-15;1176,61;1158101974.28
27-03-15;1149,92;1026673335.89
26-03-15;1172,60;1063107269.58
25-03-15;1219,69;1113985812.77
24-03-15;1241,10;1143239594.13
23-03-15;1256,93;1182959507.69
20-03-15;1248,99;1180598904.70
19-03-15;1288,52;1243097143.86
18-03-15;1282,10;1260628265.91
17-03-15;1297,17;1486652986.99
16-03-15;1265,92;1420194389.06
13-03-15;1267,45;1217918084.64
12-03-15;1286,06;1361601122.10
11-03-15;1252,63;1249155124.56
10-03-15;1252,08;1153112190.57
06-03-15;1313,86;1230029040.69
05-03-15;1312,63;1236191009.02
04-03-15;1329,48;1422328860.28
03-03-15;1331,80;1419833290.45
02-03-15;1305,85;1397443246.06
27-02-15;1298,63;1256725032.19
26-02-15;1345,04;1313632419.37
25-02-15;1366,26;1446911990.88
24-02-15;1327,12;1297687410.22
20-02-15;1328,68;1305758716.93
19-02-15;1336,51;1337912468.31
18-02-15;1346,30;1377717469.27
17-02-15;1345,82;1355193564.44
16-02-15;1398,01;1454559665.09
13-02-15;1414,97;1570506810.54
12-02-15;1400,96;1574525854.60
11-02-15;1386,27;1448150731.19
10-02-15;1380,65;1485319418.29
09-02-15;1391,79;1460367224.24
06-02-15;1446,45;1678374474.72
05-02-15;1372,78;1422566822.43
04-02-15;1430,44;1511629966.76
03-02-15;1450,22;1620403503.64
02-02-15;1420,08;1578485968.31
30-01-15;1433,19;1568628085.72
29-01-15;1389,63;1418116867.13
28-01-15;1422,44;1608784567.01
27-01-15;1397,60;1491995995.06
26-01-15;1351,86;1332974831.71
23-01-15;1401,14;1428601759.44
22-01-15;1385,94;1483342142.41
21-01-15;1369,53;1442334116.27
20-01-15;1368,31;1406850680.51
19-01-15;1373,54;1494424757.10
16-01-15;1347,02;1401821092.34
15-01-15;1391,49;1622516797.32
14-01-15;1373,09;1591605131.78
13-01-15;1332,65;1537867545.20
12-01-15;1205,07;1365666449.11
31-12-14;1225,48;1407253665.52
30-12-14;1240,39;1421196690.29
29-12-14;1152,98;1213261436.08
26-12-14;1161,70;1269042629.11
25-12-14;1195,39;1308311851.69
24-12-14;1196,69;1301674604.39
23-12-14;1226,45;1350922684.52
22-12-14;1309,34;1569908239.08
19-12-14;1296,15;1431184018.12
18-12-14;1421,31;1712119090.24
17-12-14;1284,17;1426789119.73
16-12-14;1240,73;1347720948.58
15-12-14;1220,66;1288185883.56
12-12-14;1196,97;1200490376.54
11-12-14;1180,83;1180399734.07
10-12-14;1197,44;1185244230.76
09-12-14;1179,35;1130822929.52
08-12-14;1182,50;1083288083.28
05-12-14;1172,20;1090447540.70
04-12-14;1207,80;1148682930.50
03-12-14;1131,96;981647480.07
02-12-14;1147,41;978882832.38
01-12-14;1101,43;930062495.83
28-11-14;1068,57;873946436.57
27-11-14;1041,45;852681454.53
26-11-14;1007,93;821830236.30
25-11-14;1004,08;815225011.63
24-11-14;1022,97;826138667.21
21-11-14;1036,68;829413396.75
20-11-14;1041,74;806343859.11
19-11-14;1042,33;782453122.26
18-11-14;1043,70;801969198.76
17-11-14;1043,50;788442138.48
14-11-14;1018,38;724741288.54
13-11-14;1023,20;739065011.57
12-11-14;1016,56;733831262.12
11-11-14;1012,61;716419648.40
10-11-14;1052,34;726064858.03
07-11-14;993,52;680819719.09
06-11-14;972,80;644090838.77
05-11-14;913,02;617493305.26
31-10-14;934,56;623462936.31
30-10-14;913,52;613103413.86
29-10-14;909,84;607154697.70
28-10-14;892,17;576750638.05
27-10-14;890,61;553909369.15
24-10-14;877,93;537484327.88
23-10-14;855,87;513781203.73
22-10-14;863,42;515756281.76
21-10-14;844,00;505461876.50
20-10-14;839,53;501031895.83
17-10-14;824,66;491191483.66
16-10-14;829,00;480170915.27
15-10-14;826,94;471714423.94
14-10-14;821,53;474737866.89
13-10-14;832,77;474922720.71
10-10-14;837,30;471630000.55
09-10-14;853,85;485774268.27
08-10-14;835,28;467508356.58
07-10-14;852,94;479214585.54
06-10-14;848,04;464268757.56
03-10-14;837,12;455785131.25
02-10-14;839,16;443818214.20
01-10-14;844,32;458739437.35
30-09-14;846,26;434159355.11
29-09-14;834,22;425600574.66
26-09-14;820,40;408060601.34
25-09-14;834,67;413078589.69
24-09-14;834,35;409889093.60
23-09-14;837,37;409174072.01
22-09-14;840,07;397103548.81
19-09-14;844,73;390497167.14
18-09-14;839,50;389668334.57
17-09-14;845,56;380023802.66
16-09-14;824,09;368164155.03
15-09-14;817,45;362124468.87
12-09-14;816,39;360159274.41
11-09-14;810,99;356921746.44
10-09-14;804,92;354458588.08
09-09-14;811,26;359324296.87
08-09-14;809,85;357426380.89
05-09-14;804,04;356081600.15
04-09-14;816,09;361247403.91
03-09-14;817,21;357342446.48
02-09-14;814,53;354821982.35
01-09-14;807,43;347631084.03
29-08-14;793,04;340925483.89
28-08-14;790,18;339479457.40
27-08-14;790,44;335829004.07
26-08-14;789,83;336875120.73
25-08-14;783,77;306209083.41
22-08-14;793,10;308380033.29
21-08-14;788,54;311061691.95
20-08-14;783,75;311976374.52
19-08-14;777,59;308993593.89
18-08-14;770,34;306723730.55
15-08-14;771,53;315729997.87
14-08-14;771,95;315229396.41
13-08-14;763,87;311085620.66
12-08-14;764,06;313095596.33
11-08-14;770,27;316128629.89
08-08-14;757,51;309711477.90
07-08-14;758,94;315540035.61
06-08-14;753,17;309196836.40
05-08-14;753,48;310545074.12
04-08-14;750,15;311803166.16
01-08-14;747,14;295274695.51
31-07-14;767,42;302821574.48
30-07-14;765,37;294367988.59
29-07-14;763,02;289528907.17
28-07-14;755,85;286618795.81
25-07-14;760,44;287910724.00
24-07-14;754,01;297507327.64
23-07-14;757,55;309184711.36
22-07-14;755,35;313597743.10
21-07-14;758,60;317434395.12
18-07-14;743,07;313314479.26
17-07-14;742,70;312046876.32
16-07-14;739,72;311024533.89
15-07-14;739,88;311855117.54
14-07-14;730,72;311700418.76
11-07-14;725,21;305734816.05
10-07-14;733,27;308783397.01
09-07-14;737,73;310125646.94
08-07-14;745,63;315352321.25
07-07-14;743,07;308778327.11
04-07-14;740,39;313921967.20
03-07-14;737,78;313879020.74
02-07-14;736,63;314921827.61
01-07-14;723,77;309269831.31
30-06-14;719,62;304236964.18
27-06-14;721,12;301399336.99
26-06-14;724,95;304523438.96
25-06-14;723,39;304241037.13
24-06-14;734,01;311038465.53
23-06-14;737,22;307970842.79
20-06-14;736,89;303433108.03
19-06-14;747,61;307360467.96
18-06-14;741,71;305209771.47
17-06-14;734,40;302458348.86
16-06-14;728,70;301590346.81
11-06-14;735,36;303005967.48
10-06-14;734,37;309592464.91
09-06-14;740,97;313699153.28
06-06-14;742,81;314164418.94
05-06-14;742,99;319340411.03
04-06-14;739,20;318073863.69
03-06-14;736,78;318303362.61
02-06-14;732,43;319472898.53
30-05-14;731,05;327108790.43
29-05-14;723,04;327142669.58
28-05-14;718,48;332010349.12
27-05-14;709,65;328904963.10
26-05-14;715,24;354399145.90
23-05-14;711,56;358376536.98
22-05-14;714,69;368215634.11
21-05-14;710,29;375438607.00
20-05-14;718,12;382377319.48
19-05-14;716,62;384864883.57
16-05-14;712,13;386663777.57
15-05-14;718,96;406870753.71
14-05-14;726,19;417104487.35
13-05-14;732,64;420466584.73
12-05-14;722,10;414973912.81
08-05-14;731,34;429053687.30
07-05-14;730,52;428773825.38
06-05-14;738,01;428642958.75
05-05-14;734,37;425780486.24
30-04-14;732,75;417859999.99
29-04-14;736,17;432976548.14
28-04-14;732,17;425200821.18
25-04-14;733,23;422211989.92
24-04-14;731,45;417518601.95
23-04-14;733,45;416691597.69
22-04-14;730,13;409034962.61
21-04-14;724,81;402684127.41
18-04-14;733,17;410411224.28
17-04-14;735,70;405624627.77
16-04-14;725,44;407820017.91
15-04-14;720,67;413555242.50
14-04-14;706,88;415410840.29
11-04-14;712,59;424125047.93
10-04-14;732,23;436449209.88
09-04-14;720,14;437392731.80
08-04-14;715,44;430155388.84
07-04-14;724,26;436453480.05
04-04-14;733,48;454004667.99
03-04-14;730,42;450794508.63
02-04-14;722,85;446276904.96
01-04-14;730,67;446998481.98
31-03-14;726,00;487808609.82
28-03-14;720,68;491996615.70
27-03-14;719,83;497129801.82
26-03-14;734,09;486652246.76
25-03-14;734,61;488620545.25
24-03-14;742,51;492181742.98
21-03-14;742,80;487176498.66
20-03-14;740,91;474817698.47
19-03-14;748,26;488197430.30
18-03-14;747,37;475537887.80
17-03-14;742,23;443051504.82
14-03-14;742,14;430717744.11
13-03-14;748,82;391114323.74
12-03-14;747,21;375918872.23
11-03-14;747,63;371185934.04
07-03-14;745,42;340565151.39
06-03-14;743,39;311501004.81
05-03-14;746,94;294680338.80
04-03-14;739,63;262773341.43
03-03-14;739,21;250338778.58
28-02-14;735,84;232393644.41
27-02-14;727,88;228598438.51
26-02-14;724,14;225560989.32
25-02-14;723,44;201672061.83
24-02-14;723,20;192743078.19
21-02-14;725,90;189152742.13
20-02-14;716,79;218456865.22
19-02-14;714,71;217699542.03
18-02-14;711,05;214390357.51
17-02-14;710,99;212592683.74
14-02-14;699,67;207519184.10
13-02-14;695,62;202618276.70
12-02-14;694,24;196487503.35
11-02-14;688,41;194408272.00
10-02-14;685,27;192772263.46
07-02-14;681,08;156501508.84
06-02-14;677,53;155347701.15
05-02-14;687,07;153508601.72
04-02-14;678,64;138096010.89
03-02-14;685,31;157001478.45
31-01-14;685,43;149964652.39
30-01-14;685,49;146943448.75
29-01-14;685,54;144547124.73
28-01-14;685,58;143348287.44
27-01-14;686,81;143407518.96
24-01-14;687,94;139548749.84
23-01-14;693,22;137774520.32
22-01-14;691,78;137059647.14
21-01-14;689,70;112543325.04
20-01-14;684,98;111658010.02
17-01-14;681,68;109481127.05
16-01-14;682,49;124490638.71
15-01-14;684,73;134605176.07
14-01-14;681,27;135979056.32
13-01-14;685,44;136659086.92
10-01-14;676,53;153529579.13
09-01-14;677,78;155595527.90
31-12-13;687,09;157654800.47
30-12-13;687,20;163900737.96
27-12-13;688,70;164330911.35
26-12-13;690,10;166048581.05
25-12-13;691,01;166629058.34
24-12-13;689,77;154148773.87
23-12-13;688,08;117704282.87
20-12-13;678,53;115389668.03
19-12-13;676,31;114144953.61
18-12-13;667,62;114374027.78
17-12-13;666,26;116501632.15
16-12-13;659,83;114090713.34
13-12-13;656,89;113311660.40
12-12-13;656,19;113057024.52
11-12-13;663,02;114061799.34
10-12-13;665,50;114000061.07
09-12-13;665,08;113923734.75
06-12-13;660,39;113358531.31
05-12-13;660,59;113369902.24
04-12-13;659,05;113277679.62
03-12-13;658,05;114443280.91
02-12-13;666,31;113527679.30
29-11-13;663,01;113108162.79
28-11-13;662,45;113746810.62
27-11-13;664,25;114293470.72
26-11-13;668,20;117661647.08
25-11-13;676,54;119192801.14
22-11-13;675,82;115358845.09
21-11-13;672,67;114772687.82
20-11-13;673,68;115312893.51
19-11-13;675,98;115837166.35
18-11-13;673,63;116792683.02
15-11-13;671,50;116475886.21
14-11-13;668,25;114991284.15
13-11-13;669,06;116679682.98
12-11-13;673,45;117466368.25
11-11-13;674,07;120364230.13
08-11-13;675,44;121809780.17
07-11-13;679,80;121501992.27
06-11-13;675,60;120457708.26
05-11-13;678,50;121125254.55
01-11-13;680,54;120625595.75
31-10-13;675,67;119785362.12
30-10-13;679,92;120586735.26
29-10-13;676,53;120551182.93
28-10-13;672,08;120026397.60
25-10-13;667,74;119339503.46
24-10-13;668,91;119673529.32
23-10-13;675,90;121846848.93
22-10-13;683,87;123283426.28
21-10-13;683,42;123364739.29
18-10-13;680,73;125598533.47
17-10-13;677,81;123530631.38
16-10-13;681,91;125480672.33
15-10-13;681,15;123863396.57
14-10-13;674,60;122863624.84
11-10-13;677,27;122945628.10
10-10-13;674,44;125979820.21
09-10-13;672,55;125996310.06
08-10-13;669,64;126570470.88
07-10-13;664,02;126195007.38
04-10-13;662,32;124605970.44
03-10-13;665,46;125277747.10
02-10-13;666,38;125782469.65
01-10-13;664,67;125731059.35
30-09-13;662,83;125749808.59
27-09-13;669,58;129241967.37
26-09-13;670,08;136099771.04
25-09-13;667,82;134414323.19
24-09-13;665,86;133812159.05
23-09-13;668,66;134303258.83
20-09-13;673,41;139522562.74
19-09-13;678,70;137321637.81
18-09-13;673,80;135666594.35
17-09-13;668,00;130152972.77
16-09-13;664,93;129778078.39
13-09-13;658,51;128318209.34
12-09-13;663,14;129492182.12
11-09-13;667,58;130696296.20
10-09-13;664,84;130204343.53
09-09-13;662,87;130542968.66
06-09-13;657,39;128469657.18
05-09-13;647,48;124844407.17
04-09-13;636,33;123434871.26
03-09-13;637,63;123747197.68
02-09-13;636,93;123893464.74
30-08-13;634,28;123602970.22
29-08-13;640,69;129620474.21
28-08-13;637,50;132303117.22
27-08-13;642,64;149754785.96
26-08-13;646,68;154436370.90
23-08-13;646,45;136655093.77
22-08-13;636,51;134554593.62
21-08-13;633,20;136058948.23
20-08-13;633,04;129664005.70
19-08-13;637,17;130506038.97
16-08-13;635,75;130368788.79
15-08-13;645,79;133213609.56
14-08-13;650,88;139638633.85
13-08-13;646,94;139311196.98
12-08-13;636,87;131727016.60
09-08-13;627,75;129877564.12
08-08-13;625,77;129544788.53
07-08-13;627,52;131623904.10
06-08-13;632,28;132917236.71
05-08-13;639,06;134443487.56
02-08-13;633,05;134053743.08
01-08-13;634,32;136356808.85
31-07-13;628,38;132451496.55
30-07-13;632,74;136352396.27
29-07-13;629,18;132795372.62
26-07-13;628,56;132663650.03
25-07-13;630,77;133647485.50
24-07-13;638,43;134808525.39
23-07-13;646,91;148837393.47
22-07-13;645,59;145868226.91
19-07-13;647,63;139931125.80
18-07-13;647,97;144353632.43
17-07-13;641,18;142840194.62
16-07-13;629,34;158708526.85
15-07-13;627,65;157961407.30
12-07-13;621,51;152111891.35
11-07-13;613,40;150111383.19
10-07-13;603,99;149698651.16
09-07-13;609,71;151517770.56
08-07-13;609,76;151563838.55
05-07-13;610,53;150360552.91
04-07-13;606,09;149132069.03
03-07-13;601,00;149344153.80
02-07-13;603,93;149840794.40
01-07-13;598,24;148710318.71
28-06-13;594,49;148349778.19
27-06-13;596,15;139415940.34
26-06-13;598,49;134810845.37
25-06-13;591,70;142436744.81
24-06-13;587,63;141328612.21
21-06-13;589,25;142456628.13
20-06-13;582,97;140847803.40
19-06-13;592,90;143649586.61
18-06-13;597,06;144720130.27
17-06-13;592,10;142758630.86
14-06-13;584,73;135926035.90
13-06-13;575,48;134090482.07
11-06-13;590,72;138801978.52
10-06-13;606,55;141938189.18
07-06-13;602,19;140685900.99
06-06-13;595,14;139038931.47
05-06-13;597,85;139979230.55
04-06-13;606,49;138524431.02
03-06-13;601,32;137325000.60
31-05-13;606,36;138476141.46
30-05-13;612,04;139740914.13
29-05-13;614,54;141104601.39
28-05-13;624,14;143364827.45
27-05-13;617,63;141316619.90
24-05-13;619,64;140674217.76
23-05-13;626,35;133997875.96
22-05-13;644,01;137734868.97
21-05-13;627,56;133704633.97
20-05-13;625,59;131858873.11
17-05-13;616,32;130192831.47
16-05-13;612,85;129996045.63
15-05-13;622,55;131251971.55
14-05-13;625,02;131482694.23
13-05-13;626,03;132711035.21
08-05-13;638,10;136277501.37
07-05-13;636,69;136024066.24
06-05-13;634,73;134525373.03
30-04-13;613,97;128874334.76
29-04-13;603,24;126388359.35
26-04-13;601,05;126590682.48
25-04-13;611,86;133078671.26
24-04-13;605,67;130580701.74
23-04-13;598,80;130639882.09
22-04-13;597,76;129268352.37
19-04-13;596,84;129068801.79
18-04-13;597,89;129612331.15
17-04-13;596,09;126065066.43
16-04-13;607,09;129121608.49
15-04-13;601,58;128171808.66
12-04-13;617,24;131372446.26
11-04-13;632,46;134276325.46
10-04-13;644,38;140507074.27
09-04-13;643,86;140736128.21
08-04-13;648,69;142393918.06
05-04-13;648,20;139721953.74
04-04-13;653,84;140728798.78
03-04-13;653,43;141756057.71
02-04-13;658,01;142069042.48
01-04-13;662,02;146133440.20
29-03-13;666,50;148541186.73
28-03-13;657,73;146627878.78
27-03-13;650,11;141184723.54
26-03-13;658,17;143248236.12
25-03-13;674,25;151391091.07
22-03-13;678,43;148583605.00
21-03-13;687,91;154489413.27
20-03-13;685,14;153948539.02
19-03-13;685,38;151698287.59
18-03-13;689,38;153244311.88
15-03-13;713,34;158719925.09
14-03-13;711,06;161087813.36
13-03-13;712,73;161551912.68
12-03-13;709,81;161823850.11
11-03-13;713,45;169815154.92
07-03-13;707,94;164620521.14
06-03-13;709,51;169945423.28
05-03-13;701,23;167130305.74
04-03-13;694,19;161645534.43
01-03-13;697,05;164837251.21
28-02-13;705,52;169970002.30
27-02-13;704,87;172538430.25
26-02-13;704,87;167419589.58
25-02-13;712,41;169314001.43
22-02-13;712,87;173328376.78
21-02-13;710,09;170170794.14
20-02-13;725,17;175173372.67
19-02-13;723,70;174974347.75
18-02-13;720,18;174834753.54
15-02-13;721,80;175489245.47
14-02-13;733,24;173275390.88
13-02-13;727,29;177765074.00
12-02-13;713,93;172528045.33
11-02-13;718,39;175025262.63
08-02-13;719,01;173753997.59
07-02-13;722,78;175375407.52
06-02-13;727,30;179687245.00
05-02-13;724,30;177394511.83
04-02-13;727,29;182170680.17
01-02-13;736,49;185730760.30
31-01-13;728,83;192077007.03
30-01-13;735,80;196370971.30
29-01-13;740,22;198744046.34
28-01-13;740,44;205884012.69
25-01-13;737,67;203125867.02
24-01-13;734,75;204600154.01
23-01-13;737,20;205303808.70
22-01-13;731,22;201018005.78
21-01-13;733,36;202317718.45
18-01-13;734,72;206731445.96
17-01-13;730,13;209652394.35
16-01-13;725,64;205851303.83
15-01-13;727,91;205770298.89
14-01-13;727,09;209717678.87
11-01-13;718,71;209488281.67
10-01-13;715,86;210255653.76
09-01-13;717,59;210524109.68
29-12-12;698,97;205149157.63
28-12-12;699,16;205205746.83
27-12-12;700,07;198600724.57
26-12-12;698,36;198106164.50
25-12-12;696,33;190252061.24
24-12-12;696,25;202335857.90
21-12-12;694,35;203711401.71
20-12-12;698,18;205581882.63
19-12-12;701,71;207913546.59
18-12-12;702,11;207747249.77
17-12-12;692,41;201648227.65
14-12-12;694,18;200220402.47
13-12-12;692,41;199621387.53
12-12-12;692,77;200537461.01
11-12-12;684,51;197829951.14
10-12-12;682,56;196539650.24
07-12-12;678,00;190946095.63
06-12-12;684,09;193341882.48
05-12-12;682,73;192951058.06
04-12-12;675,12;190981123.24
03-12-12;675,63;190471329.51
30-11-12;671,42;189128186.81
29-11-12;666,46;187668887.68
28-11-12;661,38;186451576.39
27-11-12;670,11;188900804.05
26-11-12;673,36;190213149.14
23-11-12;672,53;187170066.76
22-11-12;668,91;186408794.40
21-11-12;665,33;185640085.58
20-11-12;664,62;184475651.99
19-11-12;669,91;186280019.40
16-11-12;663,09;184296097.96
15-11-12;657,41;183130780.04
14-11-12;656,90;183332758.00
13-11-12;663,59;185451065.79
12-11-12;669,87;185415291.86
09-11-12;668,76;187164895.33
08-11-12;675,43;186512374.26
07-11-12;693,38;191446974.19
06-11-12;694,70;192168066.90
02-11-12;689,23;190594150.31
01-11-12;680,96;189100217.35
31-10-12;683,03;188756386.65
30-10-12;684,74;189922670.80
29-10-12;685,03;190939839.19
26-10-12;686,80;192803937.58
25-10-12;694,01;195125740.70
24-10-12;693,83;196102324.95
23-10-12;696,16;196891929.43
22-10-12;700,79;197617037.39
19-10-12;702,57;197966561.55
18-10-12;710,35;200937468.44
17-10-12;705,85;197829855.80
16-10-12;698,88;195957431.51
15-10-12;699,21;197465483.94
12-10-12;701,57;198237960.99
11-10-12;706,54;199043903.77
10-10-12;704,13;198761375.72
09-10-12;712,23;201493366.74
08-10-12;710,91;201506933.20
05-10-12;717,36;204319643.87
04-10-12;709,23;202689668.83
03-10-12;718,49;204121417.76
02-10-12;721,34;203231140.23
01-10-12;715,58;202090977.84
28-09-12;709,26;200045039.70
27-09-12;705,35;197972365.81
26-09-12;706,05;198285722.56
25-09-12;722,38;202837242.22
24-09-12;718,10;201215837.13
21-09-12;728,93;206667296.65
20-09-12;721,23;207569178.11
19-09-12;728,60;209387247.39
18-09-12;741,76;217335332.33
17-09-12;746,64;217041829.24
14-09-12;743,98;216006589.73
13-09-12;711,87;205220130.25
12-09-12;720,57;206362773.75
11-09-12;718,00;205995157.97
10-09-12;711,74;206743764.08
07-09-12;705,07;204234665.89
06-09-12;685,07;199503604.54
05-09-12;675,34;196716427.19
04-09-12;682,11;198998263.43
03-09-12;680,01;196394024.36
31-08-12;673,56;195826314.35
30-08-12;673,93;196161424.20
29-08-12;684,46;199179216.86
28-08-12;687,89;200598649.89
27-08-12;683,38;199752333.95
24-08-12;683,11;201420651.58
23-08-12;691,17;206199383.42
22-08-12;683,85;203498787.17
21-08-12;687,04;206050589.58
20-08-12;674,67;203055611.47
17-08-12;683,44;206682026.37
16-08-12;683,47;208490144.51
15-08-12;679,73;206926240.18
14-08-12;688,40;210484203.01
13-08-12;687,68;209953002.16
10-08-12;684,63;208875802.34
09-08-12;690,80;210534629.22
08-08-12;686,02;206103673.30
07-08-12;680,84;204514634.28
06-08-12;675,91;202265690.45
03-08-12;659,82;198129616.67
02-08-12;659,24;200298140.89
01-08-12;661,49;201392295.35
31-07-12;665,93;204183566.45
30-07-12;671,96;206743001.35
27-07-12;660,59;203580249.32
26-07-12;647,38;198820835.24
25-07-12;643,66;198239592.59
24-07-12;642,05;198660049.75
23-07-12;649,67;203830077.17
20-07-12;671,51;208661937.40
19-07-12;683,72;210452596.41
18-07-12;679,69;208355535.21
17-07-12;680,43;208608767.11
16-07-12;673,42;206049493.08
13-07-12;671,02;205554946.83
12-07-12;664,41;205118662.80
11-07-12;672,67;206153886.67
10-07-12;676,48;207459090.93
09-07-12;669,44;204841259.45
06-07-12;667,03;203671778.66
05-07-12;680,54;208006569.89
04-07-12;680,28;204494662.49
03-07-12;676,61;202601789.63
02-07-12;660,23;193623387.65
29-06-12;651,68;191945412.38
28-06-12;638,79;186265588.91
27-06-12;640,66;187128707.04
26-06-12;632,97;185617032.03
25-06-12;627,77;182378248.90
22-06-12;631,67;186948979.11
21-06-12;638,69;189771394.24
20-06-12;643,49;189670025.22
19-06-12;651,99;194307524.50
18-06-12;652,15;193746434.35
15-06-12;643,06;192774949.87
14-06-12;631,36;188574991.37
13-06-12;635,53;188557800.03
09-06-12;632,94;187768930.69
08-06-12;622,56;183136999.32
07-06-12;624,91;183694954.90
06-06-12;612,77;180156643.76
05-06-12;606,74;178704933.78
04-06-12;598,63;177579647.64
01-06-12;604,89;175201211.28
31-05-12;620,40;181661219.21
30-05-12;620,55;180534178.94
29-05-12;623,45;181506141.35
28-05-12;619,51;179767285.28
25-05-12;615,68;180407394.27
24-05-12;607,13;174726661.36
23-05-12;619,67;178402460.42
22-05-12;644,52;184370726.46
21-05-12;634,97;181322792.91
18-05-12;627,22;180584711.68
17-05-12;643,94;185496732.72
16-05-12;654,83;190436621.61
15-05-12;653,74;190717898.32
14-05-12;664,86;193034823.72
12-05-12;679,63;200302925.22
11-05-12;676,70;197455799.45
10-05-12;687,01;200923324.97
05-05-12;681,83;198882667.82
04-05-12;692,46;202129982.04
03-05-12;712,41;208397711.59
02-05-12;721,58;210890826.31
28-04-12;722,50;210543695.35
27-04-12;715,49;212905433.52
26-04-12;715,61;213466471.01
25-04-12;728,17;217455511.04
24-04-12;730,46;218107493.54
23-04-12;740,71;222503419.35
20-04-12;753,59;226641734.86
19-04-12;748,75;226066557.65
18-04-12;743,43;225827077.84
17-04-12;742,98;225634611.41
16-04-12;752,31;229119124.39
13-04-12;759,28;231789267.10
12-04-12;758,44;231797837.88
11-04-12;761,42;235311558.70
10-04-12;764,21;237059213.28
09-04-12;759,23;234753377.56
06-04-12;765,95;236609651.69
05-04-12;766,75;236409928.11
04-04-12;768,72;237782345.43
03-04-12;780,68;240498571.58
02-04-12;773,33;248695456.45
30-03-12;768,89;248010323.98
29-03-12;757,91;248580573.52
28-03-12;772,56;257162214.31
27-03-12;786,67;265489172.07
26-03-12;783,27;266577904.69
23-03-12;768,69;266291763.76
22-03-12;770,97;269917376.77
21-03-12;782,46;275888594.71
20-03-12;790,12;295719597.68
19-03-12;806,24;303134665.61
16-03-12;814,06;308345139.76
15-03-12;822,89;316220006.15
14-03-12;824,60;316767276.53
13-03-12;819,47;315948969.07
12-03-12;816,90;316960703.18
11-03-12;820,52;317296394.62
07-03-12;801,13;310789236.37
06-03-12;807,27;312357530.47
05-03-12;826,13;319386609.82
02-03-12;816,03;318242998.46
01-03-12;809,08;328584652.77
29-02-12;811,07;331263066.63
28-02-12;808,49;334846580.78
27-02-12;810,58;335151552.04
24-02-12;801,66;330934232.83
22-02-12;785,83;326130431.31
21-02-12;791,60;331561530.37
20-02-12;800,95;334570860.74
17-02-12;798,50;333271084.09
16-02-12;792,05;332753258.25
15-02-12;800,06;339518968.62
14-02-12;794,41;336934416.36
13-02-12;789,58;344053556.34
10-02-12;774,48;335641254.70
09-02-12;786,17;345822033.74
08-02-12;795,37;352227207.82
07-02-12;797,15;355059758.18
06-02-12;803,33;343556607.79
03-02-12;799,09;341899839.04
02-02-12;794,72;339941361.77
01-02-12;786,71;334691593.27
31-01-12;776,34;332463722.19
30-01-12;767,86;329072288.31
27-01-12;775,69;327709869.52
26-01-12;775,94;329981165.56
25-01-12;763,32;325397499.34
24-01-12;758,37;325769732.90
23-01-12;756,56;326495389.99
20-01-12;759,32;330342519.90
19-01-12;760,78;328929778.68
18-01-12;753,22;324906277.32
17-01-12;753,76;328082948.69
16-01-12;740,07;334825437.48
13-01-12;742,61;331956770.17
12-01-12;746,35;335114147.07
11-01-12;745,00;333967784.66
10-01-12;746,30;334396308.63
30-12-11;702,41;346625551.33
29-12-11;690,92;342874952.57
28-12-11;699,39;359744928.23
27-12-11;699,27;359232703.82
26-12-11;700,68;360669444.78
23-12-11;702,34;368235391.07
22-12-11;704,12;369024955.98
21-12-11;715,50;375912582.32
20-12-11;709,17;376811524.06
19-12-11;704,57;373929049.92
16-12-11;711,38;377351823.85
15-12-11;701,45;382229312.92
14-12-11;705,93;361985356.78
13-12-11;693,91;362453284.96
12-12-11;710,64;369018805.05
09-12-11;720,66;400060592.78
08-12-11;743,73;411563295.11
07-12-11;741,90;391534078.80
06-12-11;753,23;385164183.23
05-12-11;765,62;371195513.33
02-12-11;765,82;363620539.37
01-12-11;762,56;355495834.10
30-11-11;743,60;344556129.27
29-11-11;729,80;335080217.78
28-11-11;723,58;334951701.82
25-11-11;688,67;322533625.62
24-11-11;700,35;338817944.38
23-11-11;701,81;341160868.36
22-11-11;704,08;338668633.90
21-11-11;702,54;337778341.83
18-11-11;725,15;352798441.74
17-11-11;733,59;356946263.46
16-11-11;744,40;360204632.91
15-11-11;740,06;346698246.65
14-11-11;744,68;337956906.03
11-11-11;733,99;330213294.95
10-11-11;726,44;336538037.27
09-11-11;736,77;325324433.67
08-11-11;751,59;330026085.81
07-11-11;738,11;326104590.52
03-11-11;719,36;311038471.73
02-11-11;716,81;309242497.37
01-11-11;713,53;310660412.87
31-10-11;732,51;313070510.07
28-10-11;739,68;306302656.83
27-10-11;736,29;299488066.74
26-10-11;715,40;290017804.52
25-10-11;709,25;282714564.75
24-10-11;711,03;272541419.27
21-10-11;692,29;263285794.43
20-10-11;680,53;259290828.52
19-10-11;685,66;255536113.17
18-10-11;671,80;249787164.09
17-10-11;684,85;254147741.23
14-10-11;676,80;228951378.68
13-10-11;664,89;225682810.11
12-10-11;657,42;223203790.98
11-10-11;645,51;215860493.23
10-10-11;644,29;213726946.07
07-10-11;636,62;211691911.12
06-10-11;621,35;206713834.84
05-10-11;602,48;198588503.04
04-10-11;617,69;206239451.45
03-10-11;639,27;211091349.43
30-09-11;654,86;215504632.54
29-09-11;661,65;218872655.22
28-09-11;654,52;218474004.94
27-09-11;659,87;224615719.80
26-09-11;641,07;221820009.43
23-09-11;638,71;219712635.39
22-09-11;683,52;238737220.27
21-09-11;724,80;255056078.52
20-09-11;726,31;256189683.35
19-09-11;718,71;247266718.97
16-09-11;725,08;249555692.92
15-09-11;731,26;260381779.53
14-09-11;722,70;258440822.57
13-09-11;720,88;258329133.99
12-09-11;714,81;257844024.25
09-09-11;742,57;284601485.57
08-09-11;751,33;279332708.62
07-09-11;743,22;278697394.59
06-09-11;724,83;271875065.47
05-09-11;727,24;279281639.29
02-09-11;740,85;274823514.78
01-09-11;744,64;271104625.40
31-08-11;746,74;260972439.76
30-08-11;733,77;255341482.51
29-08-11;715,86;247053536.14
26-08-11;687,51;237670535.28
25-08-11;695,65;241478890.61
24-08-11;686,92;237863117.83
23-08-11;686,41;237003507.32
22-08-11;686,10;242702010.30
19-08-11;681,09;246451883.72
18-08-11;705,30;254424644.44
17-08-11;718,36;253082893.05
16-08-11;712,29;223477926.47
15-08-11;718,86;224614485.50
12-08-11;698,62;219195675.18
11-08-11;682,77;218268492.91
10-08-11;717,81;229781666.46
09-08-11;710,77;228192507.05
08-08-11;750,06;236691317.30
05-08-11;772,67;245182126.85
04-08-11;803,71;259957803.58
03-08-11;820,75;264014600.69
02-08-11;835,20;261286068.95
01-08-11;843,19;268501715.80
29-07-11;830,60;261638521.54
28-07-11;833,40;267040704.69
27-07-11;840,02;269670658.76
26-07-11;841,76;271115717.08
25-07-11;838,78;267311413.38
22-07-11;842,64;268412057.14
21-07-11;838,26;265420603.34
20-07-11;838,01;265947278.30
19-07-11;833,42;264401669.72
18-07-11;832,67;264181570.60
15-07-11;839,31;263774150.89
14-07-11;837,14;259946880.07
13-07-11;832,87;253538949.98
12-07-11;828,10;253929253.35
11-07-11;833,63;258364682.03
08-07-11;841,11;259827676.71
07-07-11;841,49;258357702.04
06-07-11;830,35;260186556.37
05-07-11;833,92;263177136.22
04-07-11;831,99;260385777.47
01-07-11;822,33;250575739.33
30-06-11;818,05;249501530.32
29-06-11;816,89;251046827.71
28-06-11;805,21;240015358.24
27-06-11;800,47;239830808.82
24-06-11;802,24;240993643.35
23-06-11;798,65;235155709.72
22-06-11;805,78;237258574.85
21-06-11;810,74;238968189.96
20-06-11;807,65;246086812.54
17-06-11;819,69;248197154.03
16-06-11;819,37;249720053.10
15-06-11;828,06;249366470.74
14-06-11;827,52;247999671.53
10-06-11;825,17;249330089.42
09-06-11;821,69;243868222.67
08-06-11;812,11;235889349.96
07-06-11;808,42;233502458.39
06-06-11;796,19;230748385.62
03-06-11;803,26;232737551.62
02-06-11;803,65;232424298.26
01-06-11;810,49;225311287.48
31-05-11;812,12;222563024.06
30-05-11;805,09;217792805.34
27-05-11;799,69;213337928.49
26-05-11;788,19;210296674.16
25-05-11;783,79;209677740.18
24-05-11;777,40;207621232.48
23-05-11;768,87;204939260.57
20-05-11;791,14;202092464.29
19-05-11;795,91;203578855.35
18-05-11;796,53;204940156.15
17-05-11;791,72;206425825.64
16-05-11;800,24;209097600.92
13-05-11;805,74;211856778.45
12-05-11;797,24;205538824.29
11-05-11;830,13;210780077.14
10-05-11;829,42;211048929.51
06-05-11;815,64;214591913.22
05-05-11;810,37;219711979.90
04-05-11;819,89;226063479.77
03-05-11;836,74;231625116.28
29-04-11;851,90;236732900.91
28-04-11;856,69;240217675.34
27-04-11;861,06;240496430.90
26-04-11;865,60;244794138.48
25-04-11;878,23;247816255.62
22-04-11;879,85;247850986.96
21-04-11;876,26;246510266.75
20-04-11;870,41;245298328.07
19-04-11;853,20;244306187.36
18-04-11;855,02;242529492.08
15-04-11;872,29;251019266.78
14-04-11;871,72;250471808.50
13-04-11;867,84;251390074.26
12-04-11;872,47;251606815.33
11-04-11;888,95;255903386.17
08-04-11;890,09;250966414.10
07-04-11;887,73;248866138.34
06-04-11;893,31;246023620.79
05-04-11;888,74;244450114.90
04-04-11;895,32;242598816.64
01-04-11;888,68;240561149.69
31-03-11;883,97;236108510.85
30-03-11;883,38;233631410.60
29-03-11;878,16;231431001.04
28-03-11;884,00;231772968.71
25-03-11;880,74;232943224.16
24-03-11;871,42;229951095.24
23-03-11;858,66;226031990.97
22-03-11;849,77;220304487.53
21-03-11;852,02;219835046.44
18-03-11;849,30;219909038.33
17-03-11;842,93;222445556.62
16-03-11;836,47;224687773.02
15-03-11;825,30;228938669.88
14-03-11;844,05;230789725.15
11-03-11;839,17;226661171.05
10-03-11;851,86;230946206.92
09-03-11;868,83;235824304.17
05-03-11;853,69;225381104.03
04-03-11;852,74;223311803.01
03-03-11;857,25;224989238.21
02-03-11;847,83;221599381.63
01-03-11;857,20;216645977.08
28-02-11;857,43;212098450.79
25-02-11;843,07;209303933.79
24-02-11;833,14;207582726.37
22-02-11;827,21;205699907.79
21-02-11;832,15;208195864.65
18-02-11;829,51;208438016.26
17-02-11;835,31;208431088.22
16-02-11;824,46;205643126.92
15-02-11;830,17;207437565.08
14-02-11;834,60;210302092.56
11-02-11;827,34;209741645.45
10-02-11;825,68;212204048.30
09-02-11;839,51;215890659.09
08-02-11;847,82;216369175.83
07-02-11;850,86;216051259.05
04-02-11;851,49;216356130.24
03-02-11;846,55;217890580.47
02-02-11;851,36;217587808.27
01-02-11;847,20;215776192.10
31-01-11;837,24;211653883.20
28-01-11;847,26;213794609.17
27-01-11;845,30;210968628.42
26-01-11;836,85;209534951.44
25-01-11;826,15;207854756.79
24-01-11;823,79;206441000.89
21-01-11;830,87;208484549.79
20-01-11;828,12;207642186.77
19-01-11;842,72;210512247.26
18-01-11;846,19;211307663.67
17-01-11;842,89;214543436.48
14-01-11;830,36;213356267.33
13-01-11;836,92;214206180.06
12-01-11;828,63;211866019.49
11-01-11;808,29;204227989.83
31-12-10;798,59;202262076.99
30-12-10;798,69;202287667.86
29-12-10;795,77;201740269.91
28-12-10;794,39;201023577.84
27-12-10;795,36;203711092.44
24-12-10;801,05;205403375.72
23-12-10;803,17;206094487.04
22-12-10;803,78;207871411.43
21-12-10;800,57;208053588.42
20-12-10;797,13;206262325.91
17-12-10;799,49;206688964.60
16-12-10;798,04;285899553.85
15-12-10;800,69;287214305.29
14-12-10;798,94;286990046.99
13-12-10;800,87;288138740.65
10-12-10;787,95;283876200.46
09-12-10;788,39;284318861.99
08-12-10;790,08;284087167.75
07-12-10;796,10;287247023.31
06-12-10;784,87;283146651.11
03-12-10;781,17;280515427.97
02-12-10;775,92;272947472.69
01-12-10;764,29;270295250.69
30-11-10;752,29;266895195.68
29-11-10;754,93;264401084.06
26-11-10;757,16;265303466.02
25-11-10;757,98;265783694.31
24-11-10;744,96;263778595.61
23-11-10;742,93;263405788.27
22-11-10;751,52;268860371.19
19-11-10;744,21;266188906.80
18-11-10;743,46;266237690.12
17-11-10;734,23;264661798.03
16-11-10;738,75;265986379.21
15-11-10;746,73;269323616.45
13-11-10;739,63;269711831.56
12-11-10;739,93;273541951.72
11-11-10;746,30;276523133.23
10-11-10;753,79;280175034.68
09-11-10;760,11;278446115.35
08-11-10;754,83;277450117.69
03-11-10;742,47;272580764.66
02-11-10;742,46;269428671.14
01-11-10;744,20;270658723.60
29-10-10;733,72;270450294.56
28-10-10;732,48;275113968.18
27-10-10;734,27;275266667.18
26-10-10;737,93;276546730.59
25-10-10;743,57;279354522.40
22-10-10;735,02;274348682.65
21-10-10;727,18;272508218.08
20-10-10;711,86;268362751.94
19-10-10;716,70;270960840.14
18-10-10;709,95;268458312.55
15-10-10;707,33;267630884.93
14-10-10;709,79;270816350.53
13-10-10;710,65;270718211.26
12-10-10;703,00;268007110.29
11-10-10;705,35;269866395.24
08-10-10;697,83;268886107.74
07-10-10;702,91;270288629.72
06-10-10;706,23;271672478.68
05-10-10;703,25;270728013.97
04-10-10;700,72;270472639.00
01-10-10;693,83;267597823.25
30-09-10;682,55;263845263.86
29-09-10;675,55;261262438.50
28-09-10;671,56;259791498.11
27-09-10;679,63;263928368.12
24-09-10;679,20;263951981.72
23-09-10;680,19;264764221.30
22-09-10;685,28;267108914.32
21-09-10;691,45;268737072.92
20-09-10;685,24;266637713.38
17-09-10;688,62;269079342.71
16-09-10;687,37;268153616.65
15-09-10;686,11;266402658.81
14-09-10;689,98;270873792.22
13-09-10;694,88;272732852.27
10-09-10;688,06;268941640.48
09-09-10;688,62;268719431.66
08-09-10;677,48;265429641.42
07-09-10;671,88;263269586.34
06-09-10;679,28;265878197.97
03-09-10;677,99;264611679.90
02-09-10;672,36;260941911.31
01-09-10;663,17;259313286.81
31-08-10;655,94;256986388.68
30-08-10;658,29;258532380.38
27-08-10;646,91;254300667.67
26-08-10;642,06;251843091.74
25-08-10;637,84;249272503.22
24-08-10;642,16;250463777.09
23-08-10;648,78;253001379.55
20-08-10;649,41;253150061.25
19-08-10;659,87;257370116.43
18-08-10;657,49;256613828.71
17-08-10;658,59;257129834.69
16-08-10;650,05;259277377.72
13-08-10;654,31;260113976.11
12-08-10;653,98;261078558.19
11-08-10;659,92;264726047.80
10-08-10;669,07;269643089.28
09-08-10;678,20;274828884.74
06-08-10;673,49;273464991.62
05-08-10;677,09;274569408.84
04-08-10;675,45;274516154.70
03-08-10;675,13;274223269.80
02-08-10;674,47;273395156.75
30-07-10;660,60;265827020.56
29-07-10;662,74;266625693.81
28-07-10;658,34;265535066.93
27-07-10;662,87;267312879.25
26-07-10;656,50;264763900.15
23-07-10;653,08;262973294.52
22-07-10;648,15;261267750.01
21-07-10;641,89;258804794.72
20-07-10;634,25;255722271.88
19-07-10;632,02;256159103.45
16-07-10;633,23;256240863.35
15-07-10;643,34;259327667.85
14-07-10;646,43;260482004.63
13-07-10;644,17;259472821.86
12-07-10;632,12;254612072.53
09-07-10;624,84;251869513.88
08-07-10;630,19;254023339.82
07-07-10;620,89;250438495.35
06-07-10;620,87;250631531.32
05-07-10;605,38;244416183.90
02-07-10;600,03;242340376.81
01-07-10;601,67;243719791.74
30-06-10;619,91;251077383.77
29-06-10;627,47;254306632.00
28-06-10;644,48;263514296.36
25-06-10;641,63;262181514.60
24-06-10;652,71;266769563.41
23-06-10;659,83;269591908.99
22-06-10;664,14;271409057.63
21-06-10;672,06;274834499.33
18-06-10;655,67;263133610.50
17-06-10;653,35;262561228.72
16-06-10;653,09;262420913.52
15-06-10;644,04;258753000.93
11-06-10;634,97;252479139.62
10-06-10;632,00;252445966.94
09-06-10;630,83;252196114.55
08-06-10;633,91;252647678.19
07-06-10;630,83;251544959.82
04-06-10;653,47;260616164.15
03-06-10;665,10;264540581.08
02-06-10;648,12;257754209.22
01-06-10;638,86;254134261.55
31-05-10;645,05;256884391.46
28-05-10;639,68;254498569.43
27-05-10;630,03;250734912.13
26-05-10;610,06;244580444.33
25-05-10;592,64;237307959.98
24-05-10;618,91;247110251.15
21-05-10;611,51;242405479.43
20-05-10;633,99;250914295.60
19-05-10;647,76;256145543.90
18-05-10;665,27;263508783.41
17-05-10;655,63;259408236.74
14-05-10;662,05;262668006.44
13-05-10;676,15;268189653.80
12-05-10;663,21;262915900.59
11-05-10;647,83;257129419.76
07-05-10;646,61;256704174.12
06-05-10;681,27;269775863.03
05-05-10;690,07;274249635.55
04-05-10;710,86;283045442.18
30-04-10;723,06;285978734.73
29-04-10;721,56;285761572.75
28-04-10;710,90;283664114.94
27-04-10;728,55;290990336.35
26-04-10;737,14;295136481.48
23-04-10;722,68;292072637.23
22-04-10;720,20;291232007.05
21-04-10;732,77;294334676.59
20-04-10;733,98;296091242.22
19-04-10;721,93;296690409.19
16-04-10;750,45;308184226.12
15-04-10;760,85;309678515.08
14-04-10;760,32;309339282.21
13-04-10;750,68;307199485.86
12-04-10;751,92;316985282.29
09-04-10;747,14;315515168.27
08-04-10;733,44;310324965.22
07-04-10;740,67;310171565.41
06-04-10;749,06;311720687.17
05-04-10;746,43;310160812.29
02-04-10;738,84;308867098.02
01-04-10;733,35;306380479.04
31-03-10;721,42;300359174.96
30-03-10;717,79;299610201.43
29-03-10;714,64;298142166.41
26-03-10;701,37;288965479.46
25-03-10;700,98;288422083.92
24-03-10;703,83;289557409.01
23-03-10;706,80;290889627.45
22-03-10;703,72;292771086.14
19-03-10;713,33;296901301.20
18-03-10;718,67;297227358.80
17-03-10;718,03;296479289.83
16-03-10;710,10;295383856.26
15-03-10;708,09;295235277.81
12-03-10;705,80;295704359.03
11-03-10;699,26;293327161.78
10-03-10;702,87;292663798.76
09-03-10;701,84;292461036.36
05-03-10;697,59;290617019.19
04-03-10;687,52;288599993.25
03-03-10;679,36;285684366.62
02-03-10;676,09;282338736.36
01-03-10;671,39;280265134.26
27-02-10;664,31;277381521.41
26-02-10;657,04;274173027.18
25-02-10;655,25;274892630.27
24-02-10;665,18;278369372.11
19-02-10;658,45;275539846.87
18-02-10;660,19;276238881.37
17-02-10;671,21;281229489.71
16-02-10;660,31;276597633.71
15-02-10;643,81;270712735.06
12-02-10;643,20;270589016.23
11-02-10;650,19;273540558.39
10-02-10;653,86;274148444.12
09-02-10;645,01;270414009.43
08-02-10;651,33;269867143.98
05-02-10;657,07;272716590.37
04-02-10;685,71;283269273.00
03-02-10;702,92;289554704.89
02-02-10;693,51;286319395.47
01-02-10;677,75;282736881.28
29-01-10;673,09;280886513.63
28-01-10;676,45;281952299.11
27-01-10;664,19;276883002.91
26-01-10;661,39;274592714.59
25-01-10;671,98;277691382.84
22-01-10;669,91;277918237.26
21-01-10;690,01;285064957.89
20-01-10;701,09;289359662.59
19-01-10;701,73;289505794.65
18-01-10;704,57;287829628.25
15-01-10;700,24;285653834.81
14-01-10;692,50;281327278.41
13-01-10;679,11;275364204.83
12-01-10;677,29;274366235.18
11-01-10;680,34;278681813.29
31-12-09;648,28;266089709.47
30-12-09;644,35;263956384.41
29-12-09;644,16;264975735.35
28-12-09;646,76;266063181.33
25-12-09;639,35;263111266.41
24-12-09;642,22;263472313.43
23-12-09;645,83;266089225.72
22-12-09;642,27;264234827.46
21-12-09;644,04;264393217.60
18-12-09;644,13;264574782.23
17-12-09;643,54;264191728.39
16-12-09;632,26;259627993.99
15-12-09;609,42;250285162.42
14-12-09;603,93;248230081.04
11-12-09;602,96;247782995.35
10-12-09;595,77;244218887.69
09-12-09;595,54;244070023.81
08-12-09;597,82;244976665.99
07-12-09;599,97;245919108.74
04-12-09;599,42;245287847.10
03-12-09;598,61;245551826.73
02-12-09;595,87;244603269.60
01-12-09;587,63;241817660.27
30-11-09;573,97;237843742.86
27-11-09;559,89;234021200.36
26-11-09;576,50;242136230.11
25-11-09;597,74;251057620.02
24-11-09;601,22;252143041.03
23-11-09;608,81;255296459.87
20-11-09;600,74;252071799.78
19-11-09;608,09;253273867.07
18-11-09;617,20;256715890.91
17-11-09;610,66;253499311.45
16-11-09;609,82;252306963.30
13-11-09;590,59;243477715.05
12-11-09;589,46;237731097.26
11-11-09;596,21;240255633.33
10-11-09;585,25;234804958.33
09-11-09;570,29;229392668.84
06-11-09;555,30;222830187.03
05-11-09;549,28;219604055.51
03-11-09;549,36;219406641.29
02-11-09;557,94;228516627.90
30-10-09;564,36;231271458.31
29-10-09;554,12;226987181.71
28-10-09;565,45;232174592.65
27-10-09;582,40;239157286.58
26-10-09;597,71;245000198.16
23-10-09;599,78;245452014.56
22-10-09;592,73;242483971.00
21-10-09;592,62;241245583.97
20-10-09;605,01;246662024.89
19-10-09;594,85;242874287.35
16-10-09;593,21;241705433.81
15-10-09;599,24;244612600.05
14-10-09;600,67;245606412.73
13-10-09;587,74;239882504.96
12-10-09;588,47;240743664.27
09-10-09;565,44;231112432.53
08-10-09;553,79;226788022.50
07-10-09;541,67;221723783.27
06-10-09;524,99;215011340.07
05-10-09;510,58;208776818.05
02-10-09;503,10;205574790.51
01-10-09;523,23;213752562.48
30-09-09;521,24;212916579.91
29-09-09;521,16;213405050.17
28-09-09;509,27;208509792.68
25-09-09;507,16;207665504.38
24-09-09;512,28;210252597.73
23-09-09;518,70;212361521.71
22-09-09;511,36;209652949.60
21-09-09;501,86;205801308.85
18-09-09;508,82;208632747.38
17-09-09;515,00;211077885.50
16-09-09;516,65;211807992.68
15-09-09;502,60;207266699.00
14-09-09;486,75;200802673.95
11-09-09;490,57;202440911.28
10-09-09;483,49;199477162.05
09-09-09;481,62;198800375.76
08-09-09;476,34;196619197.76
07-09-09;460,25;190129012.57
04-09-09;454,33;187685031.16
03-09-09;454,41;187715079.54
02-09-09;449,57;185669038.43
01-09-09;452,57;186909858.45
31-08-09;445,72;184412663.92
28-08-09;450,61;186433456.65
27-08-09;443,23;183377571.34
26-08-09;445,63;184393142.91
25-08-09;448,84;185342104.49
24-08-09;449,98;185812723.16
21-08-09;437,29;180600687.15
20-08-09;425,13;175590218.40
19-08-09;415,23;171849083.73
18-08-09;420,84;174304627.18
17-08-09;418,19;173347552.06
14-08-09;440,99;182795382.07
13-08-09;443,07;183710087.93
12-08-09;428,44;177712478.53
11-08-09;440,12;182649789.96
10-08-09;444,28;185101718.06
07-08-09;438,60;183229033.66
06-08-09;440,46;184211282.49
05-08-09;442,86;185316463.87
04-08-09;432,41;181045537.22
03-08-09;430,99;180450322.44
31-07-09;414,32;173559206.28
30-07-09;406,44;170353026.17
29-07-09;396,64;166131668.83
28-07-09;408,05;171121217.62
27-07-09;415,34;174240390.56
24-07-09;405,14;170053321.35
23-07-09;395,60;165596366.07
22-07-09;390,49;163289787.77
21-07-09;393,45;163518059.07
20-07-09;391,01;162506874.90
17-07-09;377,91;156996988.47
16-07-09;371,11;154006240.96
15-07-09;366,64;152898370.86
14-07-09;360,79;150480428.42
13-07-09;348,30;145309041.54
10-07-09;352,32;148557303.38
09-07-09;366,21;154460902.06
08-07-09;367,55;154979511.68
07-07-09;378,60;159607518.99
06-07-09;377,17;159161075.21
03-07-09;385,20;162570301.89
02-07-09;391,07;165045870.76
01-07-09;393,99;166281265.95
30-06-09;397,10;167614397.01
29-06-09;390,28;164903229.97
26-06-09;393,08;166088512.05
25-06-09;389,61;164687022.39
24-06-09;386,55;163509468.62
23-06-09;371,64;156395887.84
22-06-09;395,57;166255555.30
19-06-09;411,83;173228288.63
18-06-09;405,34;170812668.08
17-06-09;422,16;177871557.07
16-06-09;430,04;181854589.97
15-06-09;432,35;183053067.14
11-06-09;446,79;189194949.95
10-06-09;452,61;191249797.37
09-06-09;444,05;188000228.85
08-06-09;436,47;184858596.65
05-06-09;445,34;188648389.14
04-06-09;432,65;183563315.50
03-06-09;442,56;186990783.21
02-06-09;453,20;191500211.25
01-06-09;444,33;187621686.76
29-05-09;421,16;177736492.72
28-05-09;410,06;173134982.49
27-05-09;407,78;172139340.82
26-05-09;394,88;166692452.22
25-05-09;401,37;169374580.83
22-05-09;397,52;167748750.96
21-05-09;395,67;166817129.61
20-05-09;397,91;167392510.47
19-05-09;384,38;162195384.20
18-05-09;367,42;155026567.14
15-05-09;367,41;155023769.25
14-05-09;360,93;152179573.87
13-05-09;377,16;159020096.22
12-05-09;378,27;159483930.23
08-05-09;371,61;156676874.63
07-05-09;370,19;156378224.68
06-05-09;354,09;150688631.19
05-05-09;351,32;149508920.97
04-05-09;345,84;147149667.75
30-04-09;336,51;143022932.42
29-04-09;323,68;137844773.55
28-04-09;312,53;133273114.07
27-04-09;321,18;136965470.61
24-04-09;329,90;141474700.09
23-04-09;328,47;140871955.91
22-04-09;319,83;137519262.43
21-04-09;313,79;134920336.20
20-04-09;324,63;139415112.72
17-04-09;334,15;143590792.33
16-04-09;324,81;139541024.68
15-04-09;316,66;136032328.22
14-04-09;319,59;137576698.08
13-04-09;315,50;135851857.71
10-04-09;315,14;135758053.29
09-04-09;310,03;133593868.06
08-04-09;294,06;126753131.48
07-04-09;291,76;125896856.82
06-04-09;300,27;129567674.54
03-04-09;292,64;126244008.13
02-04-09;289,19;124816798.93
01-04-09;273,46;118034447.88
31-03-09;271,58;117347806.07
30-03-09;268,33;115957052.24
27-03-09;289,75;125250316.03
26-03-09;295,89;127996586.37
25-03-09;288,84;124955968.86
24-03-09;285,69;123769433.74
23-03-09;288,06;124867206.57
20-03-09;269,98;116998059.82
19-03-09;265,08;114968639.61
18-03-09;261,70;113579531.57
17-03-09;262,81;114064331.63
16-03-09;255,06;110699858.87
13-03-09;255,29;111027248.80
12-03-09;246,69;107346600.53
11-03-09;254,19;110736267.15
10-03-09;248,53;108268180.10
06-03-09;232,99;101633129.68
05-03-09;232,07;101499509.74
04-03-09;234,75;103007728.72
03-03-09;225,83;98978492.41
02-03-09;225,23;98722169.84
27-02-09;229,60;100752665.67
26-02-09;228,40;100270078.75
25-02-09;223,94;98309525.92
24-02-09;218,25;95822646.07
20-02-09;220,24;96696472.80
19-02-09;227,74;99956922.38
18-02-09;221,33;97250702.27
17-02-09;238,42;104761039.63
16-02-09;252,33;110773254.17
13-02-09;253,20;111864389.14
12-02-09;252,19;111252793.61
11-02-09;250,91;110527455.02
10-02-09;248,75;109299041.53
09-02-09;240,61;105990310.61
06-02-09;229,82;102370417.33
05-02-09;227,63;101405410.98
04-02-09;228,64;101855719.83
03-02-09;226,47;100900229.21
02-02-09;222,84;99326168.02
30-01-09;226,28;100861622.24
29-01-09;224,80;100101823.88
28-01-09;225,37;100352917.94
27-01-09;222,09;98904341.71
26-01-09;217,25;96748043.41
23-01-09;207,93;92590880.14
22-01-09;220,02;97975432.26
21-01-09;220,28;98114420.07
20-01-09;222,21;98973767.08
19-01-09;230,90;102784539.97
16-01-09;237,25;105695111.84
15-01-09;236,06;105209665.80
14-01-09;244,33;108894989.32
13-01-09;245,19;109339745.04
12-01-09;247,43;110138601.29
11-01-09;244,90;109010824.06
31-12-08;239,44;106620904.50
30-12-08;240,82;107341961.81
29-12-08;238,54;106247420.26
26-12-08;238,04;106228687.68
25-12-08;241,68;107977042.68
24-12-08;247,65;110797345.72
23-12-08;245,63;109551800.55
22-12-08;241,42;107647070.69
19-12-08;233,63;104252567.10
18-12-08;237,48;105971318.64
17-12-08;244,62;110433686.88
16-12-08;243,58;109963598.44
15-12-08;246,69;111371054.60
12-12-08;245,15;111376892.18
11-12-08;252,39;114673973.11
10-12-08;250,38;113868064.80
09-12-08;251,63;114433910.13
08-12-08;252,05;114595309.62
05-12-08;241,77;110460333.68
04-12-08;242,76;110916298.91
03-12-08;241,81;110481667.52
02-12-08;241,77;110474733.32
01-12-08;250,04;114075804.52
28-11-08;261,66;120163981.95
27-11-08;266,50;122368549.22
26-11-08;255,94;117511729.17
25-11-08;265,22;121769479.62
24-11-08;248,08;113044164.72
21-11-08;238,32;105977432.45
20-11-08;232,59;103425715.90
19-11-08;243,36;108215424.35
18-11-08;244,43;108087466.57
17-11-08;252,78;111687827.10
14-11-08;266,74;117580128.64
13-11-08;256,14;112908549.35
12-11-08;277,35;122217924.57
11-11-08;274,31;120878803.14
10-11-08;301,00;132670161.26
07-11-08;281,73;124205317.31
06-11-08;282,04;123700365.49
05-11-08;308,97;135473288.22
01-11-08;291,99;127666930.49
31-10-08;278,26;121563060.15
30-10-08;271,02;118398511.79
29-10-08;238,04;103931950.76
28-10-08;224,10;98315456.17
27-10-08;232,13;101705735.68
24-10-08;233,66;101805032.45
23-10-08;254,97;110947827.65
22-10-08;274,28;119380348.43
21-10-08;280,55;120945614.05
20-10-08;274,93;118602234.05
17-10-08;282,08;121685623.37
16-10-08;296,06;127757519.84
15-10-08;320,56;137921275.19
14-10-08;339,90;146232134.82
13-10-08;330,17;142052408.57
10-10-08;343,52;149465279.35
09-10-08;343,54;149096364.08
08-10-08;332,77;144433246.77
07-10-08;368,14;160044621.97
06-10-08;387,54;167852443.17
03-10-08;430,07;186369560.51
02-10-08;468,23;202871066.23
01-10-08;480,44;208137195.42
30-09-08;468,68;202741103.55
29-09-08;481,27;207651064.89
26-09-08;485,05;209474883.18
25-09-08;485,10;208966947.20
24-09-08;489,36;211118060.23
23-09-08;480,96;206930069.06
22-09-08;491,50;211347918.40
19-09-08;468,43;201391099.85
18-09-08;417,50;179502810.77
17-09-08;417,54;179496107.94
16-09-08;448,38;192842190.25
15-09-08;503,43;216542943.11
12-09-08;527,58;229490316.02
11-09-08;536,49;233392508.68
10-09-08;546,57;237751136.08
09-09-08;588,35;256045078.14
08-09-08;615,77;268025443.53
05-09-08;599,65;261607203.73
04-09-08;634,61;276862507.81
03-09-08;640,63;279517944.19
02-09-08;646,35;282012911.11
01-09-08;640,40;279349303.77
29-08-08;631,61;275703424.08
28-08-08;621,10;271256809.27
27-08-08;610,59;266753551.04
26-08-08;605,12;264393968.82
25-08-08;631,32;276947635.67
22-08-08;651,10;286760184.31
21-08-08;649,83;287116572.02
20-08-08;653,18;288394054.37
19-08-08;651,28;287557694.05
18-08-08;671,47;295100478.68
15-08-08;668,57;294489430.82
14-08-08;673,46;296977257.16
13-08-08;664,61;293065709.92
12-08-08;662,41;292269105.46
11-08-08;628,92;277673588.52
08-08-08;651,71;288593573.77
07-08-08;663,61;294579912.28
06-08-08;655,28;291206649.40
05-08-08;664,73;293121678.39
04-08-08;684,09;300117207.16
01-08-08;693,17;304222052.61
31-07-08;700,19;307355571.97
30-07-08;696,45;305924729.35
29-07-08;683,36;299753123.10
28-07-08;698,83;310065173.98
25-07-08;700,27;311109786.19
24-07-08;716,07;318283982.97
23-07-08;725,52;322581726.02
22-07-08;720,80;320799139.52
21-07-08;719,85;320378162.09
18-07-08;715,51;320665525.61
17-07-08;717,99;322273029.53
16-07-08;709,22;319888647.01
15-07-08;710,25;320428985.82
14-07-08;717,76;323742173.39
11-07-08;722,12;326377134.93
10-07-08;724,46;327525367.16
09-07-08;726,16;330948980.76
08-07-08;721,51;329009372.60
07-07-08;734,37;334520076.45
04-07-08;735,31;335917773.77
03-07-08;736,60;337414953.21
02-07-08;745,72;342502115.84
01-07-08;752,65;346542198.39
30-06-08;787,46;362700176.19
27-06-08;787,48;363678931.59
26-06-08;799,39;370830484.60
25-06-08;806,97;374536666.22
24-06-08;809,44;377368715.79
23-06-08;817,98;381603761.17
20-06-08;827,20;387462479.11
19-06-08;831,65;390300619.27
18-06-08;832,29;391730253.25
17-06-08;829,79;390731793.70
16-06-08;823,69;387890159.59
11-06-08;822,31;387701984.94
10-06-08;818,96;390167221.44
09-06-08;828,13;395401722.90
07-06-08;824,57;393997154.85
06-06-08;840,92;404434748.01
05-06-08;838,62;404180763.53
04-06-08;844,18;407998256.30
03-06-08;853,97;413475213.50
02-06-08;855,68;414474527.55
30-05-08;858,19;415892241.15
29-05-08;855,89;415023807.29
28-05-08;845,97;410484844.68
27-05-08;847,95;411573031.86
26-05-08;855,83;416207374.70
23-05-08;862,19;421562896.62
22-05-08;872,46;426984319.50
21-05-08;874,14;427713718.76
20-05-08;870,14;425909293.50
19-05-08;877,93;429158469.77
16-05-08;878,08;430383156.74
15-05-08;878,38;430974599.09
14-05-08;859,28;421891787.23
13-05-08;846,43;415945803.18
12-05-08;835,45;410548887.01
08-05-08;819,01;403231012.27
07-05-08;804,44;396101313.98
06-05-08;806,22;396973418.39
05-05-08;800,91;394589102.02
04-05-08;796,27;392295420.05
30-04-08;783,29;386417583.85
29-04-08;785,01;387826628.64
28-04-08;787,69;389192100.08
25-04-08;781,36;388614531.77
24-04-08;783,04;392562915.85
23-04-08;787,95;395205313.98
22-04-08;794,64;398897910.07
21-04-08;800,71;402975016.92
18-04-08;800,73;404069252.62
17-04-08;800,57;404353629.63
16-04-08;800,92;406222041.37
15-04-08;796,64;404495111.54
14-04-08;795,72;404059160.49
11-04-08;806,84;411795570.30
10-04-08;807,58;412298129.43
09-04-08;808,14;413399695.53
08-04-08;805,24;415553960.63
07-04-08;806,76;416764952.37
04-04-08;800,19;415346429.93
03-04-08;807,12;419115414.59
02-04-08;812,77;421966626.20
01-04-08;806,95;420868313.82
31-03-08;798,71;417367395.30
28-03-08;803,03;420431461.63
27-03-08;807,62;423339156.13
26-03-08;806,73;424389606.91
25-03-08;817,24;430220391.41
24-03-08;810,41;426530671.03
21-03-08;806,97;426492448.98
20-03-08;800,77;424302005.50
19-03-08;817,93;437643014.12
18-03-08;810,02;434030808.98
17-03-08;810,35;434503748.77
14-03-08;845,14;474778947.53
13-03-08;844,13;478338814.38
12-03-08;858,22;488074206.55
11-03-08;845,94;480984830.81
07-03-08;839,47;475343309.45
06-03-08;852,16;483385588.23
05-03-08;845,26;482632008.37
04-03-08;851,35;486326749.72
03-03-08;847,53;484302229.11
29-02-08;867,26;500369306.42
28-02-08;876,45;505890303.94
27-02-08;887,61;516921305.57
26-02-08;898,31;525061441.41
22-02-08;893,75;522775686.32
21-02-08;895,68;524355354.96
20-02-08;880,66;516492670.84
19-02-08;888,22;521212763.64
18-02-08;886,91;525167702.39
15-02-08;881,50;523179423.98
14-02-08;897,23;532874799.79
13-02-08;877,90;521853800.86
12-02-08;874,57;520088613.30
11-02-08;854,38;507551663.17
08-02-08;851,33;505882309.50
07-02-08;851,71;507672479.60
06-02-08;868,43;520246370.04
05-02-08;901,98;540416809.32
04-02-08;896,94;538222964.23
01-02-08;876,16;527823739.15
31-01-08;862,51;520039647.23
30-01-08;890,78;537201546.88
29-01-08;898,80;543658997.48
28-01-08;891,00;537042407.37
25-01-08;916,15;551062207.74
24-01-08;904,36;545695623.35
23-01-08;897,80;543175339.38
22-01-08;900,45;545191704.19
21-01-08;956,26;580338191.70
18-01-08;1002,42;616251300.49
17-01-08;1009,50;622815033.53
16-01-08;1031,20;640690572.44
15-01-08;1062,73;659470836.12
14-01-08;1060,85;659066571.47
11-01-08;1058,20;660646242.36
10-01-08;1058,62;663651011.92
09-01-08;1057,24;662614508.82
29-12-07;1051,14;665582740.15
28-12-07;1051,84;667393114.65
27-12-07;1049,72;668978218.85
26-12-07;1047,76;693112665.69
25-12-07;1058,71;711690650.45
24-12-07;1059,48;712445572.65
21-12-07;1058,25;715227585.65
20-12-07;1054,01;719300617.50
19-12-07;1047,89;716477522.88
18-12-07;1050,78;719315704.84
17-12-07;1042,00;714612582.46
14-12-07;1053,73;727959120.63
13-12-07;1064,81;738079611.35
12-12-07;1069,13;742362949.77
11-12-07;1064,24;741080002.58
10-12-07;1046,34;729362130.63
07-12-07;1039,67;727206788.34
06-12-07;1034,35;724373786.61
05-12-07;1021,37;729040657.17
04-12-07;1009,32;715471386.13
03-12-07;1009,77;715369932.91
30-11-07;1006,25;713544226.39
29-11-07;994,95;706055902.99
28-11-07;985,31;699790961.90
27-11-07;986,34;705699519.13
26-11-07;992,85;710812041.59
23-11-07;981,05;704888818.83
22-11-07;984,39;710350286.40
21-11-07;997,67;721225810.97
20-11-07;1004,22;726281295.66
19-11-07;1011,71;731010276.70
16-11-07;1015,22;736040500.60
15-11-07;1023,52;742774063.21
14-11-07;1022,37;744224412.09
13-11-07;1019,63;748974649.14
12-11-07;1027,91;755990292.06
09-11-07;1035,75;776416196.95
08-11-07;1038,25;779599871.06
07-11-07;1041,68;782545169.50
06-11-07;1038,77;780625713.14
02-11-07;1017,33;775021625.32
01-11-07;1024,68;786933721.99
31-10-07;1021,64;790976686.47
30-10-07;1021,00;794398953.92
29-10-07;1021,92;798826190.48
26-10-07;1004,34;787074015.79
25-10-07;990,36;776697221.04
24-10-07;980,87;769927166.47
23-10-07;983,12;773312682.83
22-10-07;970,86;764459466.65
19-10-07;982,40;777408267.23
18-10-07;982,37;778779595.08
17-10-07;982,14;781198846.06
16-10-07;981,12;780608458.04
15-10-07;985,73;786764422.30
12-10-07;979,35;784931741.77
11-10-07;983,14;791220246.49
10-10-07;980,63;791471161.48
09-10-07;984,79;795113786.36
08-10-07;982,41;793421590.64
05-10-07;976,96;790753200.44
04-10-07;970,64;787201721.78
03-10-07;973,88;791108650.20
02-10-07;967,99;787196035.33
01-10-07;948,37;771262147.42
28-09-07;960,19;781480286.58
27-09-07;956,56;780721397.52
26-09-07;944,99;781895249.23
25-09-07;930,95;770797551.20
24-09-07;935,98;760868259.63
21-09-07;937,06;762957586.96
20-09-07;936,25;765432215.20
19-09-07;942,99;770493405.98
18-09-07;925,41;759008648.94
17-09-07;923,21;757791946.07
14-09-07;929,02;764324313.89
13-09-07;926,96;763060247.07
12-09-07;924,47;762796981.82
11-09-07;919,75;758471160.36
10-09-07;916,43;754705963.15
07-09-07;926,46;766231898.98
06-09-07;930,85;769797683.00
05-09-07;928,42;769313824.79
04-09-07;925,77;769823096.95
03-09-07;930,61;773834466.28
31-08-07;926,96;769177889.24
30-08-07;925,62;768357902.09
29-08-07;916,74;761386936.90
28-08-07;923,01;765632005.09
27-08-07;929,34;770293065.29
24-08-07;923,16;765898559.17
23-08-07;933,79;774411486.22
22-08-07;930,15;771149261.49
21-08-07;924,89;766905674.71
20-08-07;941,44;778620548.92
17-08-07;928,41;773416162.74
16-08-07;932,50;778596230.07
15-08-07;954,51;796145421.88
14-08-07;971,05;809578773.46
13-08-07;971,87;807012006.21
10-08-07;964,25;803596870.54
09-08-07;992,66;824389699.06
08-08-07;1000,37;827778592.32
07-08-07;991,36;818168219.38
06-08-07;983,94;811883944.19
03-08-07;1000,27;825336609.74
02-08-07;993,43;818646335.77
01-08-07;983,13;810266992.78
31-07-07;998,19;820633543.14
30-07-07;986,77;810387403.89
27-07-07;983,44;812866547.86
26-07-07;1002,86;830999078.09
25-07-07;1011,59;841078251.54
24-07-07;1024,87;848513025.76
23-07-07;1031,70;853475713.73
20-07-07;1028,05;854769366.32
19-07-07;1017,97;847295371.94
18-07-07;1003,43;834758070.48
17-07-07;1010,30;841990957.86
16-07-07;1019,09;849201236.67
13-07-07;1020,92;854310402.67
12-07-07;1011,13;845192910.33
11-07-07;993,25;829477657.63
10-07-07;998,44;834170183.68
09-07-07;1005,76;840184294.18
06-07-07;998,41;834658162.60
05-07-07;1001,83;837272294.55
04-07-07;999,93;832408227.70
03-07-07;1001,66;834240647.92
02-07-07;994,79;828094532.77
29-06-07;989,02;823084694.77
28-06-07;988,99;817963740.11
27-06-07;980,22;812568570.85
26-06-07;985,37;817644131.92
25-06-07;982,17;814317140.26
22-06-07;987,99;819459163.78
21-06-07;992,81;830857981.73
20-06-07;995,25;833662643.05
19-06-07;985,25;825112303.30
18-06-07;985,22;824209673.07
15-06-07;980,30;820831619.96
14-06-07;965,52;808117140.51
13-06-07;938,51;785211972.63
09-06-07;934,39;781543320.02
08-06-07;922,68;771117308.67
07-06-07;928,97;775112222.04
06-06-07;938,19;782789724.95
05-06-07;942,49;785393148.99
04-06-07;938,53;779913854.89
01-06-07;932,95;774733386.36
31-05-07;917,32;764716614.08
30-05-07;895,17;751857519.67
29-05-07;917,76;766575665.20
28-05-07;931,10;777078269.57
25-05-07;938,74;787317331.34
24-05-07;937,87;786116034.11
23-05-07;967,39;810615242.92
22-05-07;981,71;810945821.66
21-05-07;986,99;812341026.63
18-05-07;984,16;807366905.84
17-05-07;987,01;807542532.75
16-05-07;979,49;783167251.24
15-05-07;977,67;778384521.75
14-05-07;983,98;777787035.19
11-05-07;990,04;784423926.81
10-05-07;1014,33;798230271.85
08-05-07;1017,80;798830798.93
07-05-07;1024,30;800270785.92
04-05-07;1032,17;799131792.58
03-05-07;1034,31;798586043.72
02-05-07;1032,30;790089751.64
28-04-07;1030,08;786417421.22
27-04-07;1022,25;775303782.57
26-04-07;1045,37;800335466.33
25-04-07;1038,92;798952756.31
24-04-07;1040,92;798119826.76
23-04-07;1050,83;797691445.09
20-04-07;1051,19;794491476.36
19-04-07;1040,50;782729979.69
18-04-07;1065,38;808945111.83
17-04-07;1074,12;808825234.94
16-04-07;1076,47;805254501.64
13-04-07;1069,05;804012679.99
12-04-07;1062,91;789400522.32
11-04-07;1075,18;780804587.06
10-04-07;1071,64;771514618.27
09-04-07;1072,17;762766952.21
06-04-07;1058,23;751714713.65
05-04-07;1051,49;741143774.78
04-04-07;1047,94;735357665.38
03-04-07;1042,40;722295997.65
02-04-07;1043,55;710054504.96
30-03-07;1052,96;702609415.61
29-03-07;1054,13;695411514.82
28-03-07;1048,07;693535283.44
27-03-07;1036,39;682491635.61
26-03-07;1042,05;684910552.26
23-03-07;1035,99;676122836.79
22-03-07;1029,20;664423944.29
21-03-07;1012,94;657938183.62
20-03-07;1006,62;664494952.74
19-03-07;1007,34;665654958.55
16-03-07;999,31;659486642.77
15-03-07;999,31;652218989.10
14-03-07;979,39;632931643.36
13-03-07;1010,09;643800337.77
12-03-07;1004,24;644527541.30
09-03-07;990,52;610431722.34
07-03-07;990,05;598813765.22
06-03-07;986,59;593868434.86
05-03-07;960,13;575182420.32
02-03-07;987,26;578944419.59
01-03-07;996,49;564391727.84
28-02-07;1012,92;562628677.27
27-02-07;1043,39;568479527.12
26-02-07;1062,89;562990561.36
22-02-07;1052,88;548450282.90
21-02-07;1039,69;541024600.92
20-02-07;1036,97;537144277.50
19-02-07;1044,30;526968417.99
16-02-07;1041,21;518477846.80
15-02-07;1044,16;509706106.40
14-02-07;1042,85;486101724.45
13-02-07;1030,59;479547616.35
12-02-07;1025,55;469079153.72
09-02-07;1034,95;458652219.65
08-02-07;1031,96;445381145.48
07-02-07;1039,20;443498895.31
06-02-07;1035,66;431292225.33
05-02-07;1028,16;419122564.45
02-02-07;1023,98;407120569.49
01-02-07;1021,53;391550975.14
31-01-07;1017,58;381729568.58
30-01-07;1010,48;369306608.89
29-01-07;1017,62;349951060.61
26-01-07;1017,52;339863880.29
25-01-07;1013,98;322716514.31
24-01-07;1012,49;209311467.96
23-01-07;1005,39;190010760.97
22-01-07;1004,09;168697865.40
19-01-07;1002,24;145959283.18
18-01-07;1003,26;132939272.90
17-01-07;1003,21;116363502.96
16-01-07;999,31;108139376.50
15-01-07;999,39;70753368.50
12-01-07;999,68;55726950.19
11-01-07;999,79;47970233.30
10-01-07;999,89;38856506.80
